BlockSize,Time_ms
32,60.3387883
64,57.25544255
128,68.30461625
256,76.22665995
512,75.9971553
1024,82.60210575
2048,101.70990925
4096,117.3314755
8192,142.50250175
16000,144.5814439
